{"less than 1s": 1425.6468073924284, "between 1s and 5s": 511.61991508571367, "between 5s and 30s": 778.5483406809423, "between 30s and 1m": 832.221449885944, "between 1m and 5m": 200.1261697841348, "between 5m and 10m": 1072.8867885788593, "between 10m and 30m": 108.10604262676722, "between 30m and 1h": NaN, "more than 1h": NaN}