{"less than 1s": 2620.8094461539094, "between 1s and 5s": 2014.8837064235177, "between 5s and 30s": 1738.7773178592568, "between 30s and 1m": 340.29044195830926, "between 1m and 5m": 117.27429984661812, "between 5m and 10m": 73.13689023853091, "between 10m and 30m": NaN, "between 30m and 1h": NaN, "more than 1h": NaN}