{"less than 1s": [8558, 1.1417123353736542], "between 1s and 5s": [2100, 25.22485510809638], "between 5s and 30s": [1448, 203.30792144282992], "between 30s and 1m": [337, 1320.0624560477347], "between 1m and 10m": [414, 11798.41878612081], "more than 10m": [13, 810622.3077773585]}