{"less than 1s": [7722, 4.788051771089422], "between 1s and 5s": [2791, 23.059219042741653], "between 5s and 30s": [1889, 205.79020467535958], "between 30s and 1m": [384, 1090.894819260205], "between 1m and 10m": [603, 11830.964917322868], "more than 10m": [41, 96886633.72544271]}