{"less than 1s": [6640, 0.3775545125944347], "between 1s and 5s": [2864, 9.933481685333064], "between 5s and 30s": [1333, 152.30664784607183], "between 30s and 1m": [303, 757.3782523844343], "between 1m and 10m": [444, 7584.706468050516], "more than 10m": [3, 328496.10568298283]}