{"less than 1s": 2524.676401009451, "between 1s and 5s": 1762.8024589756965, "between 5s and 30s": 1118.4646563655303, "between 30s and 1m": 261.16349649692756, "between 1m and 5m": 164.67593583536092, "between 5m and 10m": NaN, "between 10m and 30m": NaN, "between 30m and 1h": NaN, "more than 1h": NaN}