{"less than 1s": [1295, 14.027892105324733], "between 1s and 5s": [995, 39.382093351861364], "between 5s and 30s": [650, 552.931266564793], "between 30s and 1m": [81, 3783.9557894368204], "between 1m and 10m": [54, 9906.62995963519], "more than 10m": [9, 2062483.1730560628]}