{"less than 1s": [3944, 8.461948659216784], "between 1s and 5s": [1627, 34.2873066654984], "between 5s and 30s": [1824, 213.3238205185207], "between 30s and 1m": [202, 1602.0327328598012], "between 1m and 10m": [158, 51746.5789670593], "more than 10m": [21, 3958162.404976036]}