{"less than 1s": [3039, 69.93674439745078], "between 1s and 5s": [1735, 36.21110311731727], "between 5s and 30s": [2714, 232.04167318372788], "between 30s and 1m": [144, 3859.2537994297268], "between 1m and 10m": [132, 93813.9988674289], "more than 10m": [12, 3531495.6121624354]}