{"less than 1s": [21187, 0.020838251273431162], "between 1s and 5s": [3057, 0.6451673874284382], "between 5s and 30s": [970, 11.745504767719284], "between 30s and 1m": [75, 550.0476346448747], "between 1m and 10m": [32, 14424.521932600503], "more than 10m": [1, 40341.32860091354]}