{"less than 1s": [20313, 76.26885906679681], "between 1s and 5s": [2589, 1992.9153276999311], "between 5s and 30s": [2407, 2298.7460378789715], "between 30s and 1m": [690, 3522.464671917263], "between 1m and 10m": [593, 65434.26662670983], "more than 10m": [49, 6463031.479692742]}