{"less than 1s": [11619, 2.070010599200293], "between 1s and 5s": [740, 42.11238186080051], "between 5s and 30s": [574, 1043.5466008871604], "between 30s and 1m": [141, 3100.5569790806544], "between 1m and 10m": [118, 522344.63932126446], "more than 10m": [19, 3875890.2204206125]}