{"less than 1s": [9419, 23.57224999544955], "between 1s and 5s": [11800, 1441.0289177135091], "between 5s and 30s": [3946, 15753.839361977989], "between 30s and 1m": [597, 3367.899618551642], "between 1m and 10m": [693, 17029.031752005645], "more than 10m": [28, 280524.49486878316]}