{"less than 1s": [9101, 3.203158385395638], "between 1s and 5s": [1415, 34.79284384956088], "between 5s and 30s": [1723, 173.37101463137188], "between 30s and 1m": [462, 1071.2214792100622], "between 1m and 10m": [688, 6008.817798821419], "more than 10m": [41, 580996.1895501781]}