{"less than 1s": [5949, 0.333109306541319], "between 1s and 5s": [1737, 913.0277380567286], "between 5s and 30s": [590, 38.502821843591974], "between 30s and 1m": [24, 5975.98828296635], "between 1m and 10m": [18, 22037.454847782235], "more than 10m": [5, 875410.9438335032]}