{"less than 1s": [2670, 0.278490188412937], "between 1s and 5s": [4947, 4.2976487410939095], "between 5s and 30s": [655, 83.48066927699729], "between 30s and 1m": [9, 5342.046791502266], "between 1m and 10m": [9, 2695.0331700956413], "more than 10m": [1, 787823.3293576442]}